x,y
7.40606295602821e-10,-2.52145710119162e-10
-0.0073929141498766,-0.0167766798450729
-0.0147858292257154,-0.0307696497446026
-0.0221787444885616,-0.0419541028624421
-0.0295716598605215,-0.053138555879968
-0.0369645754225564,-0.0615641062772754
-0.0443574911792941,-0.0671563327895381
-0.04442308115754,-0.0727485594337485
-0.0444230813129326,-0.0783407862122883
-0.0444230815204307,-0.0839330131300169
-0.0444230814166275,-0.0784896287943747
-0.0480047568127368,-0.075606690672641
-0.0553976722645614,-0.0756066909447719
-0.0482671161959757,-0.0810996896433243
-0.0302275592435448,-0.0893763976816021
-0.0006558976477906,-0.1005608504656955
0.0578315280394469,-0.1117453028252503
0.1310391947059807,-0.1255894289680389
0.2197541807726273,-0.1423661068278089
0.344449895911543,-0.1591427826957552
0.4945124938361877,-0.1785543248133831
0.6719424656386339,-0.2009232252777622
0.8995158930020644,-0.2287106983110103
1.1563002386036263,-0.2592818780487084
1.4446239429920484,-0.2928352209280894
1.789992094810622,-0.3317823256662074
2.168218430376247,-0.3760983868909276
2.582221699106699,-0.4264283882259954
3.053007048208892,-0.4821273367042951
3.553232884947164,-0.5431704305837567
4.0855228055725945,-0.6102770743139122
4.674332455528633,-0.6827278503127318
5.289230471419704,-0.7579623215602396
5.932414112817104,-0.8362533643650656
6.624822957495658,-0.91986372459554
7.339672911117345,-1.0062577765736662
8.078964465126663,-1.095733203237524
8.853252890367733,-1.1905031317737769
9.645941618891843,-1.2880567475444582
10.459162322696605,-1.388716539872586
11.30721594831516,-1.494646020371936
12.17041615028644,-1.598436757610385
13.05017310995503,-1.6990964667882962
13.943797654148046,-1.810245972685928
14.851224185893448,-1.92209005203704
15.775338659890368,-2.0339341039359105
16.713255105751216,-2.1405580029149665
17.655343554284098,-2.249221373599707
18.60163680731804,-2.361065337052186
19.54793005661096,-2.4729092594972566
20.497378654354627,-2.5847531595665187
21.451064836258983,-2.696597033792856
22.404751020337404,-2.8084408675625627
23.36155976677063,-2.920284680069996
24.322638903938675,-3.0321284680120284
25.28371802540948,-3.143972212354097
26.24788691946257,-3.253478762277853
27.216359008918165,-3.3597302559497435
28.178061321430377,-3.4711025894485243
29.139140513426064,-3.580633866743913
30.10021967713945,-3.6868852768619393
31.06803592944693,-3.793136652439386
32.03650810307676,-3.901675566712214
33.00498029926824,-4.01351910216124
33.97345242702784,-4.125362588682574
34.93893320475491,-4.232680557181079
35.90001246838463,-4.333339607182462
36.85442030674572,-4.4390450697222485
37.80810666991861,-4.545296266638615
38.761793052903855,-4.651547440632137
39.7022022395017,-4.757798593908463
40.63232548455702,-4.864049728241612
41.549047234163936,-4.970300837245888
42.465769139448,-5.071555101942949
43.37381207377089,-5.174402310032758
44.26835513858075,-5.280653362250748
45.149752288315405,-5.3819323916581805
46.01806891205542,-5.482591235555544
46.86825453776412,-5.583250061065125
47.69881956408084,-5.688856097485101
48.51268957780498,-5.792968392907706
49.30373186663701,-5.893627194004987
50.0687444363554,-5.989363597510762
50.81903674378839,-6.08231630573225
51.55093572237181,-6.171790721101456
52.25693610929792,-6.2563675473233245
52.95097805455416,-6.338160681880107
53.63112664623004,-6.41645072217322
54.27906581407211,-6.489867974715451
54.91679172656904,-6.560501541001268
55.54518989270305,-6.627607216631404
56.147951703285976,-6.6947128910282565
56.74677811685613,-6.761818560013877
57.345604545136496,-6.828924219903113
57.92530210903601,-6.891206710037747
58.49662288163884,-6.952720184063059
59.05848462183784,-7.014233654059343
59.607659345458,-7.080545476833055
60.15210459211279,-7.143671387086054
60.691787602500405,-7.19959267193748
61.21253850207659,-7.255513957063994
61.73004268510974,-7.311435237652834
62.24754685500704,-7.367356509778927
62.75877307481954,-7.418529025755556
63.27144934828021,-7.46885810666456
63.78895361784392,-7.519187188940193
64.29396763176439,-7.569516266945688
64.79668600631855,-7.617929898468966
65.2994044173872,-7.662666795651753
65.80212274198203,-7.712102803313491
66.29984217798936,-7.760541220753511
66.78777469372599,-7.805278106706881
67.26952759772587,-7.854689300704971
67.7500670863601,-7.901286684729499
68.23060661220065,-7.940431377843329
68.69885269888087,-7.984225588672468
69.1646063584801,-8.02896245706617
69.63036000330469,-8.073699317714182
70.08388582872725,-8.118436186531536
70.53485359666114,-8.163173047985058
70.98582125255719,-8.207909890575964
71.4307078288358,-8.252646737855157
71.87191435562993,-8.297383586652279
72.30809623508793,-8.342120436524215
72.73822971467143,-8.382282187922515
73.1646831020238,-8.423193457096064
73.58607900955207,-8.467930292552046
74.00145944671706,-8.50811685328545
74.41546251092957,-8.54726152663414
74.82946557757955,-8.586406195448838
75.23748578573796,-8.625550851972852
75.64409585630085,-8.661261538311312
76.05070609423012,-8.68922187742581
76.4513661834519,-8.72168286284901
76.85058332320757,-8.755235351026418
77.24980064440028,-8.788787856325415
77.64901776023669,-8.822340333983753
78.04823487688957,-8.857560181577288
78.4474521160233,-8.896704832227275
78.83490050205927,-8.935849474889112
79.22150324203552,-8.974994114905865
79.61332748800022,-9.014138753486716
80.00515166280121,-9.057709623129416
80.39483715037836,-9.102446413437432
80.77926849403721,-9.1471832133671
81.16369970216745,-9.187518556154677
81.5460250192442,-9.226663172893554
81.92306344716029,-9.265807805494807
82.29431591483566,-9.304952441217774
82.66396143483848,-9.345665220868725
83.03360696312552,-9.39040201508634
83.39749924744913,-9.426435159733902
83.75975179782873,-9.463074299469708
84.12200443815655,-9.50781109348114
84.48425707662047,-9.548220867854477
84.84650973788675,-9.587365495149388
85.20876246178493,-9.626510125581795
85.56532749517017,-9.665654746271416
85.92413659750947,-9.704799356211495
86.29378206119925,-9.743943944672468
86.69735625542918,-9.778811087075855
87.12301084732924,-9.813832357365996
87.58137143770017,-9.852976830562987
88.07346395974541,-9.896373842945172
88.59145514697349,-9.945442712978306
89.1533166934622,-10.00695567206374
89.74871340309585,-10.0726963572216
90.36806678303932,-10.142639974229509
91.02603611197064,-10.220929222212106
91.717343941662,-10.299218418469456
92.43073218748138,-10.37890207288152
93.17741672124458,-10.4627833281447
93.93514842712348,-10.546664543945756
94.70205100900702,-10.63328510880473
95.4857001483427,-10.728350564517092
96.27484024612606,-10.810955927557666
97.06588244151531,-10.889244897530991
97.85692444629848,-10.967533826949998
98.64796650010608,-11.041694191522629
99.43726344698902,-11.11439095423829
100.2209127499831,-11.18708772006015
100.99913689866491,-11.263888227134968
101.77368104746776,-11.34217713868039
102.5425447670278,-11.420466053235836
103.30601616126177,-11.502833904450348
104.064127964047,-11.585444507466306
104.81081307858382,-11.6637334226425
105.54677919681542,-11.750130620823777
106.2786787950338,-11.838358200528486
107.010578227025,-11.92223924950511
107.72649709190038,-12.006120299488405
108.43621771445925,-12.090001347338106
109.14593842703307,-12.173882386150314
109.85036501893138,-12.257763407107932
110.55269276803423,-12.340448385462322
111.25502075687348,-12.418737268799624
111.9626098606412,-12.50100581609366
112.67387903486762,-12.584886781964183
113.3909929719772,-12.66876774434275
114.11333530540534,-12.752648673945467
114.83935767623264,-12.836529582002573
115.57125736506406,-12.92041045912526
116.30315692740696,-13.00429130450882
117.03357369689006,-13.087050524161205
117.758080590506,-13.165339241673651
118.47742455486365,-13.251438505430354
119.19308839549902,-13.339814655814012
119.90280918811192,-13.423695456373276
120.60227000481164,-13.511456748924225
121.29720517706724,-13.600929704369424
121.9921403019579,-13.690402633773084
122.68197816708232,-13.7760198914201
123.36675155869656,-13.860947875402363
124.03950793562792,-13.950420796999158
124.70719974912764,-14.036062844844908
125.37121146109416,-14.11994361045505
126.02918187461844,-14.203824368447233
126.68212046964048,-14.28770510559905
127.33269780372864,-14.37258341502949
127.9832753191376,-14.462056272022274
128.62885385643395,-14.547747870891836
129.2707522854396,-14.631628575053057
129.9065438122583,-14.71550927141335
130.54233536061548,-14.80690282393614
131.1743671987576,-14.901019787219235
131.78797991902866,-14.99049260246834
132.38679277363485,-15.076233809294298
132.97578584447862,-15.161037684490893
133.5524336957388,-15.250510501018232
134.109479731776,-15.33256972799094
134.65299322082294,-15.410858371786023
135.17789065957896,-15.4891470137792
135.68818495058045,-15.567435672754875
136.18628419171185,-15.643977252787517
136.65943115827218,-15.711081723923044
137.1180733814522,-15.774529012806196
137.5656753859888,-15.836041399127804
137.9944646336626,-15.897553796639274
138.3992433601286,-15.962698644648569
138.7899788612668,-16.029803245226386
139.17441073064057,-16.096907852903637
139.54453455844626,-16.16401247664137
139.90573105878178,-16.230317979082333
140.2605909070712,-16.291830472640758
140.61071419758684,-16.356925750019215
140.95920476119613,-16.424030360655294
141.3140646343574,-16.491134955890264
141.65481320660297,-16.554681588963298
141.98848504398566,-16.616943599210217
142.32855895905115,-16.684048194194567
142.6639620981206,-16.744086475584396
142.9966433250701,-16.80073157815269
143.32932438003542,-16.862244062634378
143.66200556698055,-16.923756557148803
143.99468686644084,-16.984569160227057
144.3273684044458,-17.04048956910883
144.65544455854135,-17.09640997942185
144.9807331184824,-17.1523303895236
145.30602166636234,-17.208250791776695
145.63131022534805,-17.26071244362219
145.9548794098923,-17.31104073136097
146.26538223361365,-17.361369053182145
146.58042473180234,-17.408263410228106
146.89749345241617,-17.453625062339704
147.20799627911603,-17.503953372017662
147.51399208664458,-17.554281682144484
147.81710192967213,-17.604609995009746
148.1202119969382,-17.654938328242313
148.4188478707068,-17.70188233955357
148.71380367273855,-17.746618570106968
149.00212792547623,-17.79135481829373
149.290452209521,-17.832731547885153
149.5780479705044,-17.87187568401485
149.85897907778843,-17.911019801938867
150.13550177650512,-17.950163948512895
150.40973595353452,-17.98930811019981
150.69066715880842,-18.028452230672496
150.96284689351214,-18.064286476046444
151.22899239675277,-18.09833998132333
151.49513762674667,-18.137484113574263
151.75259680644737,-18.17662825590269
152.00458621888023,-18.215772405027305
152.26333856376098,-18.25491655113745
152.5134703923925,-18.294060700716344
152.75803403256333,-18.333204853150743
153.00939346071428,-18.372349009846804
153.25647541722455,-18.411493165994703
153.49987726472895,-18.450637323590897
153.73645080980168,-18.48978150353414
153.97726891271594,-18.528925665375297
154.22017181417658,-18.567667596780968
154.44935250848678,-18.60121968845682
154.68274495690906,-18.63477176107513
154.91832055349568,-18.66794640547778
155.14010797611107,-18.695906360314165
155.370253600119,-18.723866313163423
155.60729331054108,-18.752178868883675
155.85125956751054,-18.78573087791285
156.0993720244598,-18.81928287180283
156.35203126387944,-18.85250705079856
156.62556935936797,-18.88046689017091
156.8991073805249,-18.91153816942414
157.17264532537524,-18.94539308751732
157.44618297269574,-18.98453707666392
157.72788196822094,-19.02059440963169
158.01583784102127,-19.05442445878399
158.2967684855595,-19.093568429585595
158.5736512960693,-19.13271240855209
158.84651908944002,-19.17185639842037
159.10527146086113,-19.21100047582168
159.3278881962529,-19.247107581904707
159.517384130104,-19.28043109512369
159.64306334410313,-19.30839123397341
159.7368847193867,-19.33032702364868
159.80261262504146,-19.34669560070231
159.8469697639924,-19.352287541705817
159.87947860851716,-19.336967605952253
159.9021302639258,-19.301267354955712
159.93909427224585,-19.200609330584044
159.97605822453602,-19.064399983088247
160.01322592528314,-18.894786850475647
160.0575827827574,-18.6599183268656
160.10582337020824,-18.395671748352463
160.1575728977064,-18.103329969435173
160.20932230022845,-17.745435123560657
160.26492276036933,-17.352584309997123
160.32406506646868,-16.926643335456117
160.38320723323338,-16.45131430110813
160.44998599008045,-15.94421516675536
160.52391409458622,-15.40665536405186
160.5978422083364,-14.819484259668148
160.67177022756553,-14.203679314777949
160.74584338992898,-13.560257597520192
160.8345569968489,-12.88361280819026
160.9307761784459,-12.178582260315238
161.03427604834403,-11.445745363543898
161.13777587332396,-10.662850654568327
161.23755594377644,-9.857445803431489
161.33367013528877,-9.029777103372991
161.43717001225136,-8.163000892634809
161.54067004098252,-7.285068846413324
161.6441702222536,-6.39592426414707
161.76240468258848,-5.484489250195379
161.8806908052953,-4.559155507844964
161.99897705847783,-3.619682059718052
162.1172636891261,-2.663565240598143
162.24641486237994,-1.7018368459995692
162.38688033624345,-0.7344029658268891
162.52734610065454,0.244076861137171
162.67140051304176,1.225409411588792
162.81925907582675,2.2096194910274227
162.95984938969767,3.199327715359672
163.10387142657763,4.189129817682183
163.25173042610282,5.178931885829805
163.39235424300236,6.174207311759448
163.53282097927735,7.1669364893096335
163.67328755027148,8.156738458201504
163.80655113549815,9.141091804365328
163.93613488722892,10.120021367745764
164.06181628966297,11.09304696470117
164.18749782989596,12.055224973995047
164.3062644207342,13.011835681299416
164.41716033259686,13.962492814054125
164.52091883122958,14.88615510675838
164.62442207140836,15.795899148087852
164.72792538974542,16.690635220872494
164.83142910540573,17.547752193315407
164.93493265399118,18.385383599664745
165.0384359864959,19.20183018589669
165.1348674166742,19.975481960823327
165.22761875370105,20.72940544920889
165.3163362691934,21.46197050630268
165.3980143432769,22.151939175928856
165.47933880172948,22.82970303564148
165.56066339878282,23.4951628618993
165.64198802495517,24.13412398498917
165.720018979879,24.756675574497628
165.7939504131129,25.36062225002065
165.86788197918946,25.95401906309994
165.94181359428612,26.53691562698612
166.01574526138097,27.10730970045396
166.089677065749,27.66720353093703
166.16360874182718,28.21908836783498
166.2375402408391,28.761521879866145
166.30456386727553,29.29873010774793
166.37749307886494,29.83073781965538
166.45881798312132,30.35639505127704
166.53326735171206,30.876851726814603
166.607199117024,31.389740652735963
166.68113103172905,31.893029474639224
166.75506296269123,32.3963182806108
166.82586510660198,32.894872549436926
166.8924036166699,33.386977076293
166.96575197787283,33.873930700132966
167.03658674334298,34.353415774730244
167.1031252102743,34.82315186714803
167.176440888618,35.287761897887314
167.25037254205293,35.74727061371472
167.3243040047014,36.20023036043259
167.39823551824117,36.64298753864388
167.47216704152964,37.082470250675534
167.54609857180017,37.51865368774332
167.61331866823284,37.949760626317286
167.68285549680536,38.37354785499775
167.75678688035617,38.78736284442184
167.81736130611594,39.1961262112627
167.87947238730118,39.59986269648973
167.94601076043915,39.99690138748345
168.0059035868051,40.38388640984624
168.0650490591277,40.765304118765535
168.12419436313098,41.13997441121738
168.17672684268624,41.50964268584098
168.22847923566354,41.87214010119189
168.28023156614955,42.22444202475997
168.32540378605745,42.571766720300765
168.37263039725272,42.90980137331725
168.42438275357742,43.234142821566905
168.469587804324,43.55848429123191
168.51111276546075,43.87639380307655
168.54807918979432,44.183959021283954
168.58504582095074,44.48166902405574
168.61921070778197,44.77169254276849
168.64878406155347,45.051297298799774
168.6718757779828,45.28187386394572
168.69682492194664,45.48042520211982
168.7263978545851,45.637003863221466
168.73662365310986,45.73992433164506
168.7412811090712,45.81636385489093
168.7412814067661,45.86110065055037
168.7348656848556,45.88642466535503
168.71936346927205,45.90674847316417
168.68979228620296,45.92352506056076
168.62192114856146,45.93064504275965
168.52929918329897,45.94027772028595
168.4036199287106,45.95705487831458
168.23348722258845,45.97383234516364
168.04023181254354,45.994600279798135
167.81844490666666,46.02256230564078
167.55875175076272,46.05530337267708
167.27958299618814,46.08885784023331
166.9764737663778,46.122412417719104
166.6482252191989,46.16072124158434
166.30268441161292,46.199868296243714
165.9330392890992,46.23901550087861
165.53838549633178,46.287621181013535
165.13155067642376,46.33795275303898
164.7101548735544,46.388284416652574
164.2701014890578,46.43861632036494
163.82402084218484,46.4889482622012
163.37305356254907,46.53928019003418
x,y
7.40606295602821e-10,-2.52145710119162e-10
-0.0073929141498766,-0.0167766798450729
-0.0147858292257154,-0.0307696497446026
-0.0221787444885616,-0.0419541028624421
-0.0295716598605215,-0.053138555879968
-0.0369645754225564,-0.0615641062772754
-0.0443574911792941,-0.0671563327895381
-0.04442308115754,-0.0727485594337485
-0.0444230813129326,-0.0783407862122883
-0.0444230815204307,-0.0839330131300169
-0.0444230814166275,-0.0784896287943747
-0.0480047568127368,-0.075606690672641
-0.0553976722645614,-0.0756066909447719
-0.0482671161959757,-0.0810996896433243
-0.0302275592435448,-0.0893763976816021
-0.0006558976477906,-0.1005608504656955
0.0578315280394469,-0.1117453028252503
0.1310391947059807,-0.1255894289680389
0.2197541807726273,-0.1423661068278089
0.344449895911543,-0.1591427826957552
0.4945124938361877,-0.1785543248133831
0.6719424656386339,-0.2009232252777622
0.8995158930020644,-0.2287106983110103
1.1563002386036263,-0.2592818780487084
1.4446239429920484,-0.2928352209280894
1.789992094810622,-0.3317823256662074
2.168218430376247,-0.3760983868909276
2.582221699106699,-0.4264283882259954
3.053007048208892,-0.4821273367042951
3.553232884947164,-0.5431704305837567
4.0855228055725945,-0.6102770743139122
4.674332455528633,-0.6827278503127318
5.289230471419704,-0.7579623215602396
5.932414112817104,-0.8362533643650656
6.624822957495658,-0.91986372459554
7.339672911117345,-1.0062577765736662
8.078964465126663,-1.095733203237524
8.853252890367733,-1.1905031317737769
9.645941618891843,-1.2880567475444582
10.459162322696605,-1.388716539872586
11.30721594831516,-1.494646020371936
12.17041615028644,-1.598436757610385
13.05017310995503,-1.6990964667882962
13.943797654148046,-1.810245972685928
14.851224185893448,-1.92209005203704
15.775338659890368,-2.0339341039359105
16.713255105751216,-2.1405580029149665
17.655343554284098,-2.249221373599707
18.60163680731804,-2.361065337052186
19.54793005661096,-2.4729092594972566
20.497378654354627,-2.5847531595665187
21.451064836258983,-2.696597033792856
22.404751020337404,-2.8084408675625627
23.36155976677063,-2.920284680069996
24.322638903938675,-3.0321284680120284
25.28371802540948,-3.143972212354097
26.24788691946257,-3.253478762277853
27.216359008918165,-3.3597302559497435
28.178061321430377,-3.4711025894485243
29.139140513426064,-3.580633866743913
30.10021967713945,-3.6868852768619393
31.06803592944693,-3.793136652439386
32.03650810307676,-3.901675566712214
33.00498029926824,-4.01351910216124
33.97345242702784,-4.125362588682574
34.93893320475491,-4.232680557181079
35.90001246838463,-4.333339607182462
36.85442030674572,-4.4390450697222485
37.80810666991861,-4.545296266638615
38.761793052903855,-4.651547440632137
39.7022022395017,-4.757798593908463
40.63232548455702,-4.864049728241612
41.549047234163936,-4.970300837245888
42.465769139448,-5.071555101942949
43.37381207377089,-5.174402310032758
44.26835513858075,-5.280653362250748
45.149752288315405,-5.3819323916581805
46.01806891205542,-5.482591235555544
46.86825453776412,-5.583250061065125
47.69881956408084,-5.688856097485101
48.51268957780498,-5.792968392907706
49.30373186663701,-5.893627194004987
50.0687444363554,-5.989363597510762
50.81903674378839,-6.08231630573225
51.55093572237181,-6.171790721101456
52.25693610929792,-6.2563675473233245
52.95097805455416,-6.338160681880107
53.63112664623004,-6.41645072217322
54.27906581407211,-6.489867974715451
54.91679172656904,-6.560501541001268
55.54518989270305,-6.627607216631404
56.147951703285976,-6.6947128910282565
56.74677811685613,-6.761818560013877
57.345604545136496,-6.828924219903113
57.92530210903601,-6.891206710037747
58.49662288163884,-6.952720184063059
59.05848462183784,-7.014233654059343
59.607659345458,-7.080545476833055
60.15210459211279,-7.143671387086054
60.691787602500405,-7.19959267193748
61.21253850207659,-7.255513957063994
61.73004268510974,-7.311435237652834
62.24754685500704,-7.367356509778927
62.75877307481954,-7.418529025755556
63.27144934828021,-7.46885810666456
63.78895361784392,-7.519187188940193
64.29396763176439,-7.569516266945688
64.79668600631855,-7.617929898468966
65.2994044173872,-7.662666795651753
65.80212274198203,-7.712102803313491
66.29984217798936,-7.760541220753511
66.78777469372599,-7.805278106706881
67.26952759772587,-7.854689300704971
67.7500670863601,-7.901286684729499
68.23060661220065,-7.940431377843329
68.69885269888087,-7.984225588672468
69.1646063584801,-8.02896245706617
69.63036000330469,-8.073699317714182
70.08388582872725,-8.118436186531536
70.53485359666114,-8.163173047985058
70.98582125255719,-8.207909890575964
71.4307078288358,-8.252646737855157
71.87191435562993,-8.297383586652279
72.30809623508793,-8.342120436524215
72.73822971467143,-8.382282187922515
73.1646831020238,-8.423193457096064
73.58607900955207,-8.467930292552046
74.00145944671706,-8.50811685328545
74.41546251092957,-8.54726152663414
74.82946557757955,-8.586406195448838
75.23748578573796,-8.625550851972852
75.64409585630085,-8.661261538311312
76.05070609423012,-8.68922187742581
76.4513661834519,-8.72168286284901
76.85058332320757,-8.755235351026418
77.24980064440028,-8.788787856325415
77.64901776023669,-8.822340333983753
78.04823487688957,-8.857560181577288
78.4474521160233,-8.896704832227275
78.83490050205927,-8.935849474889112
79.22150324203552,-8.974994114905865
79.61332748800022,-9.014138753486716
80.00515166280121,-9.057709623129416
80.39483715037836,-9.102446413437432
80.77926849403721,-9.1471832133671
81.16369970216745,-9.187518556154677
81.5460250192442,-9.226663172893554
81.92306344716029,-9.265807805494807
82.29431591483566,-9.304952441217774
82.66396143483848,-9.345665220868725
83.03360696312552,-9.39040201508634
83.39749924744913,-9.426435159733902
83.75975179782873,-9.463074299469708
84.12200443815655,-9.50781109348114
84.48425707662047,-9.548220867854477
84.84650973788675,-9.587365495149388
85.20876246178493,-9.626510125581795
85.56532749517017,-9.665654746271416
85.92413659750947,-9.704799356211495
86.29378206119925,-9.743943944672468
86.69735625542918,-9.778811087075855
87.12301084732924,-9.813832357365996
87.58137143770017,-9.852976830562987
88.07346395974541,-9.896373842945172
88.59145514697349,-9.945442712978306
89.1533166934622,-10.00695567206374
89.74871340309585,-10.0726963572216
90.36806678303932,-10.142639974229509
91.02603611197064,-10.220929222212106
91.717343941662,-10.299218418469456
92.43073218748138,-10.37890207288152
93.17741672124458,-10.4627833281447
93.93514842712348,-10.546664543945756
94.70205100900702,-10.63328510880473
95.4857001483427,-10.728350564517092
96.27484024612606,-10.810955927557666
97.06588244151531,-10.889244897530991
97.85692444629848,-10.967533826949998
98.64796650010608,-11.041694191522629
99.43726344698902,-11.11439095423829
100.2209127499831,-11.18708772006015
100.99913689866491,-11.263888227134968
101.77368104746776,-11.34217713868039
102.5425447670278,-11.420466053235836
103.30601616126177,-11.502833904450348
104.064127964047,-11.585444507466306
104.81081307858382,-11.6637334226425
105.54677919681542,-11.750130620823777
106.2786787950338,-11.838358200528486
107.010578227025,-11.92223924950511
107.72649709190038,-12.006120299488405
108.43621771445925,-12.090001347338106
109.14593842703307,-12.173882386150314
109.85036501893138,-12.257763407107932
110.55269276803423,-12.340448385462322
111.25502075687348,-12.418737268799624
111.9626098606412,-12.50100581609366
112.67387903486762,-12.584886781964183
113.3909929719772,-12.66876774434275
114.11333530540534,-12.752648673945467
114.83935767623264,-12.836529582002573
115.57125736506406,-12.92041045912526
116.30315692740696,-13.00429130450882
117.03357369689006,-13.087050524161205
117.758080590506,-13.165339241673651
118.47742455486365,-13.251438505430354
119.19308839549902,-13.339814655814012
119.90280918811192,-13.423695456373276
120.60227000481164,-13.511456748924225
121.29720517706724,-13.600929704369424
121.9921403019579,-13.690402633773084
122.68197816708232,-13.7760198914201
123.36675155869656,-13.860947875402363
124.03950793562792,-13.950420796999158
124.70719974912764,-14.036062844844908
125.37121146109416,-14.11994361045505
126.02918187461844,-14.203824368447233
126.68212046964048,-14.28770510559905
127.33269780372864,-14.37258341502949
127.9832753191376,-14.462056272022274
128.62885385643395,-14.547747870891836
129.2707522854396,-14.631628575053057
129.9065438122583,-14.71550927141335
130.54233536061548,-14.80690282393614
131.1743671987576,-14.901019787219235
131.78797991902866,-14.99049260246834
132.38679277363485,-15.076233809294298
132.97578584447862,-15.161037684490893
133.5524336957388,-15.250510501018232
134.109479731776,-15.33256972799094
134.65299322082294,-15.410858371786023
135.17789065957896,-15.4891470137792
135.68818495058045,-15.567435672754875
136.18628419171185,-15.643977252787517
136.65943115827218,-15.711081723923044
137.1180733814522,-15.774529012806196
137.5656753859888,-15.836041399127804
137.9944646336626,-15.897553796639274
138.3992433601286,-15.962698644648569
138.7899788612668,-16.029803245226386
139.17441073064057,-16.096907852903637
139.54453455844626,-16.16401247664137
139.90573105878178,-16.230317979082333
140.2605909070712,-16.291830472640758
140.61071419758684,-16.356925750019215
140.95920476119613,-16.424030360655294
141.3140646343574,-16.491134955890264
141.65481320660297,-16.554681588963298
141.98848504398566,-16.616943599210217
142.32855895905115,-16.684048194194567
142.6639620981206,-16.744086475584396
142.9966433250701,-16.80073157815269
143.32932438003542,-16.862244062634378
143.66200556698055,-16.923756557148803
143.99468686644084,-16.984569160227057
144.3273684044458,-17.04048956910883
144.65544455854135,-17.09640997942185
144.9807331184824,-17.1523303895236
145.30602166636234,-17.208250791776695
145.63131022534805,-17.26071244362219
145.9548794098923,-17.31104073136097
146.26538223361365,-17.361369053182145
146.58042473180234,-17.408263410228106
146.89749345241617,-17.453625062339704
147.20799627911603,-17.503953372017662
147.51399208664458,-17.554281682144484
147.81710192967213,-17.604609995009746
148.1202119969382,-17.654938328242313
148.4188478707068,-17.70188233955357
148.71380367273855,-17.746618570106968
149.00212792547623,-17.79135481829373
149.290452209521,-17.832731547885153
149.5780479705044,-17.87187568401485
149.85897907778843,-17.911019801938867
150.13550177650512,-17.950163948512895
150.40973595353452,-17.98930811019981
150.69066715880842,-18.028452230672496
150.96284689351214,-18.064286476046444
151.22899239675277,-18.09833998132333
151.49513762674667,-18.137484113574263
151.75259680644737,-18.17662825590269
152.00458621888023,-18.215772405027305
152.26333856376098,-18.25491655113745
152.5134703923925,-18.294060700716344
152.75803403256333,-18.333204853150743
153.00939346071428,-18.372349009846804
153.25647541722455,-18.411493165994703
153.49987726472895,-18.450637323590897
153.73645080980168,-18.48978150353414
153.97726891271594,-18.528925665375297
154.22017181417658,-18.567667596780968
154.44935250848678,-18.60121968845682
154.68274495690906,-18.63477176107513
154.91832055349568,-18.66794640547778
155.14010797611107,-18.695906360314165
155.370253600119,-18.723866313163423
155.60729331054108,-18.752178868883675
155.85125956751054,-18.78573087791285
156.0993720244598,-18.81928287180283
156.35203126387944,-18.85250705079856
156.62556935936797,-18.88046689017091
156.8991073805249,-18.91153816942414
157.17264532537524,-18.94539308751732
157.44618297269574,-18.98453707666392
157.72788196822094,-19.02059440963169
158.01583784102127,-19.05442445878399
158.2967684855595,-19.093568429585595
158.5736512960693,-19.13271240855209
158.84651908944002,-19.17185639842037
159.10527146086113,-19.21100047582168
159.3278881962529,-19.247107581904707
159.517384130104,-19.28043109512369
159.64306334410313,-19.30839123397341
159.7368847193867,-19.33032702364868
159.80261262504146,-19.34669560070231
159.8469697639924,-19.352287541705817
159.87947860851716,-19.336967605952253
159.9021302639258,-19.301267354955712
159.93909427224585,-19.200609330584044
159.97605822453602,-19.064399983088247
160.01322592528314,-18.894786850475647
160.0575827827574,-18.6599183268656
160.10582337020824,-18.395671748352463
160.1575728977064,-18.103329969435173
160.20932230022845,-17.745435123560657
160.26492276036933,-17.352584309997123
160.32406506646868,-16.926643335456117
160.38320723323338,-16.45131430110813
160.44998599008045,-15.94421516675536
160.52391409458622,-15.40665536405186
160.5978422083364,-14.819484259668148
160.67177022756553,-14.203679314777949
160.74584338992898,-13.560257597520192
160.8345569968489,-12.88361280819026
160.9307761784459,-12.178582260315238
161.03427604834403,-11.445745363543898
161.13777587332396,-10.662850654568327
161.23755594377644,-9.857445803431489
161.33367013528877,-9.029777103372991
161.43717001225136,-8.163000892634809
161.54067004098252,-7.285068846413324
161.6441702222536,-6.39592426414707
161.76240468258848,-5.484489250195379
161.8806908052953,-4.559155507844964
161.99897705847783,-3.619682059718052
162.1172636891261,-2.663565240598143
162.24641486237994,-1.7018368459995692
162.38688033624345,-0.7344029658268891
162.52734610065454,0.244076861137171
162.67140051304176,1.225409411588792
162.81925907582675,2.2096194910274227
162.95984938969767,3.199327715359672
163.10387142657763,4.189129817682183
163.25173042610282,5.178931885829805
163.39235424300236,6.174207311759448
163.53282097927735,7.1669364893096335
163.67328755027148,8.156738458201504
163.80655113549815,9.141091804365328
163.93613488722892,10.120021367745764
164.06181628966297,11.09304696470117
164.18749782989596,12.055224973995047
164.3062644207342,13.011835681299416
164.41716033259686,13.962492814054125
164.52091883122958,14.88615510675838
164.62442207140836,15.795899148087852
164.72792538974542,16.690635220872494
164.83142910540573,17.547752193315407
164.93493265399118,18.385383599664745
165.0384359864959,19.20183018589669
165.1348674166742,19.975481960823327
165.22761875370105,20.72940544920889
165.3163362691934,21.46197050630268
165.3980143432769,22.151939175928856
165.47933880172948,22.82970303564148
165.56066339878282,23.4951628618993
165.64198802495517,24.13412398498917
165.720018979879,24.756675574497628
165.7939504131129,25.36062225002065
165.86788197918946,25.95401906309994
165.94181359428612,26.53691562698612
166.01574526138097,27.10730970045396
166.089677065749,27.66720353093703
166.16360874182718,28.21908836783498
166.2375402408391,28.761521879866145
166.30456386727553,29.29873010774793
166.37749307886494,29.83073781965538
166.45881798312132,30.35639505127704
166.53326735171206,30.876851726814603
166.607199117024,31.389740652735963
166.68113103172905,31.893029474639224
166.75506296269123,32.3963182806108
166.82586510660198,32.894872549436926
166.8924036166699,33.386977076293
166.96575197787283,33.873930700132966
167.03658674334298,34.353415774730244
167.1031252102743,34.82315186714803
167.176440888618,35.287761897887314
167.25037254205293,35.74727061371472
167.3243040047014,36.20023036043259
167.39823551824117,36.64298753864388
167.47216704152964,37.082470250675534
167.54609857180017,37.51865368774332
167.61331866823284,37.949760626317286
167.68285549680536,38.37354785499775
167.75678688035617,38.78736284442184
167.81736130611594,39.1961262112627
167.87947238730118,39.59986269648973
167.94601076043915,39.99690138748345
168.0059035868051,40.38388640984624
168.0650490591277,40.765304118765535
168.12419436313098,41.13997441121738
168.17672684268624,41.50964268584098
168.22847923566354,41.87214010119189
168.28023156614955,42.22444202475997
168.32540378605745,42.571766720300765
168.37263039725272,42.90980137331725
168.42438275357742,43.234142821566905
168.469587804324,43.55848429123191
168.51111276546075,43.87639380307655
168.54807918979432,44.183959021283954
168.58504582095074,44.48166902405574
168.61921070778197,44.77169254276849
168.64878406155347,45.051297298799774
168.6718757779828,45.28187386394572
168.69682492194664,45.48042520211982
168.7263978545851,45.637003863221466
168.73662365310986,45.73992433164506
168.7412811090712,45.81636385489093
168.7412814067661,45.86110065055037
168.7348656848556,45.88642466535503
168.71936346927205,45.90674847316417
168.68979228620296,45.92352506056076
168.62192114856146,45.93064504275965
168.52929918329897,45.94027772028595
168.4036199287106,45.95705487831458
168.23348722258845,45.97383234516364
168.04023181254354,45.994600279798135
167.81844490666666,46.02256230564078
167.55875175076272,46.05530337267708
167.27958299618814,46.08885784023331
166.9764737663778,46.122412417719104
166.6482252191989,46.16072124158434
166.30268441161292,46.199868296243714
165.9330392890992,46.23901550087861
165.53838549633178,46.287621181013535
165.13155067642376,46.33795275303898
164.7101548735544,46.388284416652574
164.2701014890578,46.43861632036494
163.82402084218484,46.4889482622012
163.37305356254907,46.53928019003418
